prefix	name	homepage	url	call	orcid	date
3dmet	3D Metabolites	http://www.3dmet.dna.affrc.go.jp/	http://www.3dmet.dna.affrc.go.jp/cgi/show_data.php?acc=B00162			
abm	Applied Biological Materials cell line products	https://www.abmgood.com/Cell-Biology.html	https://www.abmgood.com/search?query=T0599			
addexbio	AddexBio cell line products	https://www.addexbio.com/productshow?id=4	https://www.addexbio.com/productdetail?pid=C0020004/4992			
aftol.taxonomy	Assembling the Fungal Tree of Life - Taxonomy	https://aftol.umn.edu	http://wasabi.lutzonilab.net/pub/displayTaxonInfo?aftol_id=959			
apaonto	Psychology Ontology	https://bioportal.bioontology.org/ontologies/APAONTO	http://ontology.apa.org/apaonto/termsonlyOUT%20(5).owl#Abdomen			
apd	Antimicrobial Peptide Database	http://aps.unmc.edu/AP/	http://aps.unmc.edu/AP/database/query_output.php?ID=01001			
arachnoserver	ArachnoServer	http://www.arachnoserver.org/	http://www.arachnoserver.org/toxincard.html?id=AS000060			
ardb	Antibiotic Resistance Genes Database	http://ardb.cbcb.umd.edu/	http://ardb.cbcb.umd.edu/cgi/search.cgi?db=L&amp;field=ni&amp;term=CAE46076			
arraymap	ArrayMap	https://www.arraymap.org	https://www.arraymap.org/pgx:icdom:8500_3			
asin	Amazon Standard Identification Number	https://www.amazon.co.uk/gp/help/customer/display.html/277-3416785-8259466?ie=UTF8&nodeId=898182	https://amzn.com/0471491039			
aspgd.locus	Aspergillus Genome Database	http://www.aspgd.org/	http://www.aspergillusgenome.org/cgi-bin/locus.pl?dbid=ASPL0000349247			
aspgd.protein	AspGD Protein	http://www.aspgd.org/	http://www.aspergillusgenome.org/cgi-bin/protein/proteinPage.pl?dbid=ASPL0000349247			
asrp	Arabidopsis Small RNA Project	https://asrp.danforthcenter.org/	http://asrp.cgrb.oregonstate.edu/db/sRNAdisplay.html?ASRP_id=ASRP1423			
atfdb.family	Animal TFDB Family	http://www.bioguo.org/AnimalTFDB/family_index.php	http://www.bioguo.org/AnimalTFDB/family.php?fam=CUT			
babelon	Babelon	https://monarch-initiative.github.io/babelon/	https://w3id.org/babelon/translation_language			
bacmap.biog	BacMap Biography	http://bacmap.wishartlab.com/	http://bacmap.wishartlab.com/organisms/1050			
bacmap.map	BacMap Map	http://bacmap.wishartlab.com/	http://bacmap.wishartlab.com/maps/AP011135/index.html			
bcio	The Behaviour Change Intervention Ontology	https://www.humanbehaviourchange.org/	https://w3id.org/BCI-ontology#040000			
bcrc	BCRC Strain Collection Catalog	https://catalog.bcrc.firdi.org.tw	https://catalog.bcrc.firdi.org.tw/BcrcContent?bid=60316			
bdsc	Bloomington Drosophila Stock Center	https://bdsc.indiana.edu/about/mission.html	https://bdsc.indiana.edu/stocks/33607			
beetlebase	Tribolium Genome Database -- Insertion	http://beetlebase.org/	http://beetlebase.org/cgi-bin/gbrowse/BeetleBase3.gff3/?name=TC010103			
begdb	Benchmark Energy & Geometry Database	http://www.begdb.com	http://www.begdb.com/index.php?action=oneMolecule&state=show&id=4214			
bigg.compartment	BiGG Compartment	http://bigg.ucsd.edu/compartments/	http://bigg.ucsd.edu/compartments/c			
bigg.metabolite	BiGG Metabolite	http://bigg.ucsd.edu/universal/metabolites	http://bigg.ucsd.edu/models/universal/metabolites/12dgr161			
bigg.model	BiGG Model	http://bigg.ucsd.edu/models	http://bigg.ucsd.edu/models/iECABU_c1320			
bigg.reaction	BiGG Reaction	http://bigg.ucsd.edu/universal/reactions	http://bigg.ucsd.edu/models/universal/reactions/13GS			
biocatalogue.service	BioCatalogue Service	https://www.biocatalogue.org/	https://www.biocatalogue.org/services/614			
biominder	Bio-MINDER Tissue Database	https://datalab.rwth-aachen.de/MINDER	https://datalab.rwth-aachen.de/MINDER/resource/aef4c195-9cf9-46db-a12a-7cfd1ff3eec3			
biomodels.db	BioModels Database	https://www.ebi.ac.uk/biomodels/	https://www.ebi.ac.uk/biomodels/BIOMD0000000048			
biomodels.teddy	Terminology for Description of Dynamics	http://teddyontology.sourceforge.net/	https://www.ebi.ac.uk/ols/ontologies/teddy/terms?iri=http://identifiers.org/teddy/TEDDY_0000066			
biomodels.vocabulary	SBML RDF Vocabulary	http://biomodels.net/rdf/vocabulary.rdf	http://biomodels.net/rdf/vocabulary.rdf#rateRule			
biosystems	BioSystems	https://www.ncbi.nlm.nih.gov/biosystems/	https://www.ncbi.nlm.nih.gov/biosystems/001			
bitterdb.cpd	BitterDB Compound	http://bitterdb.agri.huji.ac.il/dbbitter.php	http://bitterdb.agri.huji.ac.il/bitterdb/compound.php?id=46			
bitterdb.rec	BitterDB Receptor	http://bitterdb.agri.huji.ac.il/dbbitter.php	http://bitterdb.agri.huji.ac.il/Receptor.php?id=1			
bmrb	Biological Magnetic Resonance Data Bank	http://www.bmrb.wisc.edu/	http://rest.bmrb.wisc.edu/bmrb/15000/html			
bridgedb	BridgeDb Vocabulary	https://bridgedb.org	http://vocabularies.bridgedb.org/ops#hasPrimaryUriPattern			
bs	Biosapiens Protein Feature Ontology	https://github.com/The-Sequence-Ontology/SO-Ontologies	https://biopragmatics.github.io/providers/bs/00042			
bugbase.expt	BugBase Expt	http://bugs.sgul.ac.uk/E-BUGS	http://bugs.sgul.ac.uk/bugsbase/tabs/experiment.php?action=view&expt_id=288			
bugbase.protocol	BugBase Protocol	http://bugs.sgul.ac.uk/E-BUGS	http://bugs.sgul.ac.uk/bugsbase/tabs/protocol.php?action=view&protocol_id=67			
bykdb	Bacterial Tyrosine Kinase Database	https://bykdb.ibcp.fr/BYKdb/	https://bykdb.ibcp.fr/data/html/annotated/A0A009E7X8.html			
cadsr	Cancer Data Standards Registry and Repository	https://wiki.nci.nih.gov/display/caDSR/caDSR+Wiki	https://cadsrapi.nci.nih.gov/cadsrapi4/GetXML?query=DataElement[@publicId=3771992]			
cas	CAS Registry Number	https://commonchemistry.cas.org/	https://commonchemistry.cas.org/detail?cas_rn=50-00-0			
cdpd	Canadian Drug Product Database	http://webprod3.hc-sc.gc.ca/dpd-bdpp/index-eng.jsp	http://webprod3.hc-sc.gc.ca/dpd-bdpp/info.do?lang=eng&code=63250			
cellbank.australia	CellBank Australia	https://www.cellbankaustralia.com/cellbank-australia-exclusive-lines/	https://www.cellbankaustralia.com/ab-1-ha.html			
cghdb	CGH Data Base	http://www.cghtmd.jp/CGHDatabase/index_e.jsp	http://www.cghtmd.jp/CGHDatabase/mapViewer?hid=300165/p13898_2106T&aid=%t&lang=en			
charprot	CharProt	http://www.jcvi.org/charprotdb	http://www.jcvi.org/charprotdb/index.cgi/view/CH_001923			
chemdb	ChemDB	http://cdb.ics.uci.edu/	http://cdb.ics.uci.edu/cgibin/ChemicalDetailWeb.py?chemical_id=3966782			
cheminf	Chemical Information Ontology	https://github.com/semanticchemistry/semanticchemistry	https://semanticscience.org/resource/CHEMINF_000410			
cl	Cell Ontology	https://obophenotype.github.io/cell-ontology/	https://www.ebi.ac.uk/ols/ontologies/cl/terms?iri=http://purl.obolibrary.org/obo/0000062			
cls	Cell Lines Service	https://cls.shop/	https://cls.shop/300108/p3934_A-172			
cmecs	Costal and Marine Ecological Classification Standard	https://cmecscatalog.org/cmecs	https://cmecscatalog.org/cmecs/classification/unit/595.html			
cmpo	Cellular Microscopy Phenotype Ontology	http://www.ebi.ac.uk/cmpo	http://www.ebi.ac.uk/cmpo/CMPO_0000435			
cnrs	French National Center for Scientific Research - Research Group Identifier	https://annuaire.cnrs.fr	https://web-ast.dsi.cnrs.fr/l3c/owa/structure.infos_admin?&p_lab=UMR7315&p_origine_appel=u			
col.taiwan	Catalogue of Life in Taiwan	http://taibnet.sinica.edu.tw/home.php	https://taibnet.sinica.edu.tw/eng/taibnet_species_detail.php?name_code=431472			
collagenmutdb	Collagen Mutation Database	http://www.le.ac.uk/genetics/collagen/	https://eds.gene.le.ac.uk/home.php?select_db=COL3A1			
come	The Bioinorganic Motif Database	https://www.flymine.org/come	https://www.flymine.org/come/entry?gn=MOL000160			
comptox	DSSTox substance	https://comptox.epa.gov/dashboard	https://comptox.epa.gov/dashboard/DTXSID2021028			
compulyeast	Compluyeast-2D-DB	http://compluyeast2dpage.dacya.ucm.es/	http://compluyeast2dpage.dacya.ucm.es/cgi-bin/2d/2d.cgi?ac=O08709			
cordis.article	CORDIS Article	https://cordis.europa.eu/	https://cordis.europa.eu/article/id/436605			
corum	Comprehensive Resource of Mammalian protein complexes	https://mips.helmholtz-muenchen.de/genre/proj/corum/	https://mips.helmholtz-muenchen.de/corum/?id=100			
covid19	COVID-19 Surveillance Ontology	https://covid19.sfb.uit.no	https://covid19.sfb.uit.no/api/records/SFB_COVID19_MW286762			
crop2ml	CropMRepository	http://www.crop2ml.org	http://www.crop2ml.org/cropmdb/000000001			
cryoem	Cryo Electron Microscopy ontology	http://scipion.i2pc.es/ontology/cryoem	http://scipion.i2pc.es/ontology/CRYOEM_0000052			
csa	Catalytic Site Atlas	https://www.ebi.ac.uk/thornton-srv/databases/CSA/	https://www.ebi.ac.uk/thornton-srv/databases/CSA/SearchResults.php?PDBID=1a05			
darc	Database of Aligned Ribosomal Complexes	http://darcsite.genzentrum.lmu.de/darc/index.php	http://darcsite.genzentrum.lmu.de/darc/view.php?id=1250			
dashr	Database of small human noncoding RNAs	http://lisanwanglab.org/DASHR/	http://lisanwanglab.org/DASHR/entry/hsa-mir-200a			
dashr.expression	DASHR expression	https://dashr1.lisanwanglab.org/show-expression-table.php?start=0	https://dashr1.lisanwanglab.org/entry/hsa-mir-200a#hsa-mir-200a#exprPerTissueTable			
dbg2introns	DBG2 Introns	http://webapps2.ucalgary.ca/~groupii/	http://webapps2.ucalgary.ca/~groupii/cgi-bin/intron.cgi?name=Cu.me.I1			
dbprobe	NCBI Probe database Public registry of nucleic acid reagents	https://www.ncbi.nlm.nih.gov/sites/entrez?db=probe	https://www.ncbi.nlm.nih.gov/probe/?term=1000000			
dev.ga4ghdos	Development Data Object Service	http://github.com/ga4gh/data-object-service-schemas	https://dos-gdc.ucsc-cgp-dev.org/ga4gh/dos/v1/dataobjects/23fa7b4b-9d68-429b-aece-658b11124bb3#2017-03-24T18:43:16.886826-05:00			
dicom	DICOM Controlled Terminology	http://dicom.nema.org/medical/dicom/current/output/chtml/part16/chapter_D.html	http://dicom.nema.org/resources/ontology/DCM/109082			
dictybase	dictyBase	http://dictybase.org	http://dictybase.org/gene/DDB0191090			
dip	Database of Interacting Proteins	https://dip.doe-mbi.ucla.edu/	https://dip.doe-mbi.ucla.edu/dip/DIPview.cgi?ID=DIP-743N			
diseasesdb	Diseases Database	http://www.diseasesdatabase.com/	https://www.diseasesdatabase.com/ddb1784.htm			
doap	Description of a Project	https://github.com/ewilderj/doap/wiki	http://usefulinc.com/ns/doap#Project			
dommino	Database of Macromolecular Interactions	http://korkinlab.org/dommino	http://orion.rnet.missouri.edu/~nz953/DOMMINO/index.php/result/show_network/2GC4			
door	Database for Prokaryotic Operons	http://csbl.bmb.uga.edu/DOOR/operon.php	http://csbl.bmb.uga.edu/DOOR/operon.php?id=1398574			
dpv	Description of Plant Viruses	http://www.dpvweb.net/	http://www.dpvweb.net/dpv/showdpv.php?dpvno=100			
drduke	Dr. Duke's Phytochemical and Ethnobotanical Databases chemical	https://phytochem.nal.usda.gov/phytochem/search/list	https://phytochem.nal.usda.gov/phytochem/chemicals/show/19			
drsanv0	AnVIL DRS	https://www.genome.gov/	https://data.terra.bio/ga4gh/drs/v1/objects/v2_1b0f158a-86e2-3887-b990-89e3cf2d9082			
dto	Drug Target Ontology	https://github.com/DrugTargetOntology/DTO	http://www.drugtargetontology.org/dto/DTO_90000018			
echinobase	Echinobase	https://www.echinobase.org	https://www.echinobase.org/entry/gene/showgene.do?method=display&geneId=23159291			
ecogene	Database of Escherichia coli Sequence and Function	http://ecogene.org/	http://www.ecogene.org/gene/EG10173			
edam	EDAM Ontology	http://edamontology.org	https://www.ebi.ac.uk/ols/ontologies/edam/terms?iri=http://edamontology.org/data_1664			
edda	EDDA Study Designs Taxonomy	https://bioportal.bioontology.org/ontologies/EDDA	http://ontologies.dbmi.pitt.edu/edda/StudyDesigns.owl#health_care_quality_assessment			
efo	Experimental Factor Ontology	http://www.ebi.ac.uk/efo	http://www.ebi.ac.uk/efo/EFO_0005147			
emmo.cif	Crystallographic Information Framework	https://www.iucr.org/resources/cif	http://emmo.info/emmo/cif-core#_space_group_symop.operation_xyz			
enm	eNanoMapper ontology	http://www.enanomapper.net/	http://purl.enanomapper.org/onto/ENM_8000221			
ensembl.bacteria	Ensembl Bacteria	https://bacteria.ensembl.org/	https://bacteria.ensembl.org/id/MU9_3181			
ensembl.fungi	Ensembl Fungi, the Ensembl database for accessing genome-scale data from fungi.	https://fungi.ensembl.org/	https://fungi.ensembl.org/id/CADAFLAT00006211			
ensembl.metazoa	Ensembl Metazoa, the Ensembl database for accessing genome-scale data from non-vertebrate metazoa.	https://metazoa.ensembl.org/	https://metazoa.ensembl.org/id/FBtr0084214			
ensembl.protist	Ensembl Protists	https://protists.ensembl.org	https://protists.ensembl.org/id/PF3D7_1328700			
ensemblglossary	Ensembl Glossary	http://ensembl.org/glossary	http://ensembl.org/glossary/ENSGLOSSARY_0000198			
epio	Epilepsy Ontology	https://github.com/SCAI-BIO/EpilepsyOntology	http://purl.obolibrary.org/obo/EPIO_0000011			
epso	Epilepsy and Seizure Ontology	http://prism.case.edu/prism/index.php/EpilepsyOntology	http://www.case.edu/EpilepsyOntology.owl#0000400			
esldb	eukaryotic Subcellular Localization database	http://gpcr.biocomp.unibo.it/esldb	http://gpcr.biocomp.unibo.it/cgi-bin/predictors/esldb/dettagli.cgi?codice=HS000015122			
fbbt	Drosophila gross anatomy	http://purl.obolibrary.org/obo/fbbt	https://flybase.org/cgi-bin/cvreport.pl?id=FBbt:00007294			
fbrf	FlyBase Reference Report	https://flybase.org	https://flybase.org/reports/FBrf0187632			
fbtc	Flybase Cell Line	https://flybase.org	https://flybase.org/reports/FBtc0000190			
fishbase.species	FishBase	http://fishbase.org	https://www.fishbase.ca/summary/6472			
flowrepository	FlowRepository	https://flowrepository.org/	https://flowrepository.org/id/FR-FCM-ZYGW			
flybase	FlyBase Gene	http://flybase.org/	https://flybase.org/reports/FBgn0011293			
foaf	Friend of a Friend	http://xmlns.com/foaf/spec/	http://xmlns.com/foaf/0.1/familyName			
fossilworks.journal	Fossilworks Journal	http://fossilworks.org	http://fossilworks.org/?a=referenceInfo&reference_no=61467			
frbrer	Functional Requirements for Bibliographic Records Entity-Relationship Model	https://www.iflastandards.info/fr/frbr/frbrer	http://iflastandards.info/ns/fr/frbr/frbrer/1001			
fsnp	F-SNP	http://compbio.cs.queensu.ca/F-SNP/	http://compbio.cs.queensu.ca/cgi-bin/compbio/search/main.cgi?search_mode=id&amp;id_type=snp_id&amp;id_val=rs17852708			
ftt	Feature Type Thesaurus	https://apps.usgs.gov/thesaurus/thesaurus-full.php?thcode=3	https://apps.usgs.gov/thesaurus/term-simple.php?thcode=3&code=273			
funcbase.fly	FuncBase Fly	http://func.mshri.on.ca/fly	http://func.mshri.on.ca/fly/genes/list_functional_scores/10194			
funcbase.human	FuncBase Human	http://func.mshri.on.ca/human/	http://func.mshri.on.ca/human/genes/list_functional_scores/119514			
funcbase.mouse	FuncBase Mouse	http://func.mshri.on.ca/mouse/	http://func.mshri.on.ca/mouse/genes/list_functional_scores/1351341			
funcbase.yeast	FuncBase Yeast	http://func.mshri.on.ca/yeast	http://func.mshri.on.ca/yeast/genes/list_functional_scores/2701			
gabi	Network of Different Plant Genomic Research Projects	http://www.gabipd.org/	http://www.gabipd.org/database/cgi-bin/GreenCards.pl.cgi?BioObjectId=2679240&Mode=ShowBioObject			
gard	Genetic and Rare Diseases Information Center	https://rarediseases.info.nih.gov/diseases	https://rarediseases.info.nih.gov/diseases/6038/index			
genecards	GeneCards	http://www.genecards.org/	https://www.genecards.org/cgi-bin/carddisp.pl?gene=ABL1			
genecards.genenote	Gene Normal Tissue Expression	http://genecards.weizmann.ac.il/genenote/	http://bioinfo2.weizmann.ac.il/cgi-bin/genenote/GN_results.pl?keyword_type=2_gc_id&keyword=GC06M052656&data_type=norm2&results=yes			
genefarm	GeneFarm	http://urgi.versailles.inra.fr/Genefarm/	https://urgi.versailles.inra.fr/Genefarm/Gene/display_gene.htpl?GENE_ID=4892			
geogeo	Geographical Entity Ontology	https://github.com/ufbmi/geographical-entity-ontology/wiki	http://purl.obolibrary.org/obo/GEO_000000021			
glida.gpcr	GLIDA GPCR	http://pharminfo.pharm.kyoto-u.ac.jp/services/glida/	http://pharminfo.pharm.kyoto-u.ac.jp/services/glida/gpcr_information.php?id=ACM1_HUMAN			
glida.ligand	GLIDA Ligand	http://pharminfo.pharm.kyoto-u.ac.jp/services/glida/	http://pharminfo.pharm.kyoto-u.ac.jp/services/glida/ligand_information.php?id=L000001			
glycomapsdb	GlycoMapsDB	http://www.glycosciences.de/modeling/glycomapsdb/	http://www.glycosciences.de/modeling/glycomapsdb/showdetails.php?mapid=6819			
glycomedb	GlycomeDB	https://glytoucan.org/	https://glytoucan.org/Structures/Glycans/G77500AY			
glycosciencesdb	Glycosciences.DB	http://www.glycosciences.de/database/	http://www.glycosciences.de/database/start.php?action=explore_linucsid&linucsid=1			
glytoucan	GlyTouCan	https://glytoucan.org	https://glytoucan.org/Structures/Glycans/G00054MO			
gmd	Golm Metabolome Database	http://gmd.mpimp-golm.mpg.de/	http://gmd.mpimp-golm.mpg.de/Metabolites/68513255-fc44-4041-bc4b-4fd2fae7541d.aspx			
gpcrnava	GPCR Natural Variants database	http://nava.liacs.nl/	http://nava.liacs.nl/cgi-bin/nava.py?id=1150			
graingenes.symbol	GrainGenes	http://wheat.pw.usda.gov	http://wheat.pw.usda.gov/report?class=gene;name=1-FEH+w3			
greengenes	16S rRNA gene database	http://greengenes.lbl.gov/	http://greengenes.lbl.gov/cgi-bin/show_one_record_v2.pl?prokMSA_id=100000			
grin.taxonomy	GRIN URL	http://www.ars-grin.gov/cgi-bin/npgs/html/index.pl?language=en	http://www.ars-grin.gov/cgi-bin/npgs/html/taxon.pl?19333			
grsdb	G-Rich Sequences Database	http://bioinformatics.ramapo.edu/GRSDB2/	http://bioinformatics.ramapo.edu/GRSDB2/geneview.php?geneID=10142			
gudmap	Genitourinary Development Molecular Anatomy Project	http://www.gudmap.org/	https://gudmap.org/id/Q-2958			
hcvdb	Hepatitis C Virus Database Project	http://euhcvdb.ibcp.fr/euHCVdb/	https://euhcvdb.ibcp.fr/euHCVdb/do/displayHCVEntry?primaryAC=M58335			
hdl	Handle	https://www.handle.net/	http://hdl.handle.net/2381/12775			
hdr	Homeodomain Research	http://research.nhgri.nih.gov/apps/homeodomain/web/	http://research.nhgri.nih.gov/apps/homeodomain/web/index.cgi?mode=view&amp;view=proteins&amp;id=63			
hl7.v3codesystem	HL7 V2 Code Systems	https://terminology.hl7.org/codesystems-v2.html	https://terminology.hl7.org/CodeSystem-v3-AcknowledgementCondition			
hogenom	Database of Complete Genome Homologous Genes Families	http://pbil.univ-lyon1.fr/databases/hogenom/	http://pbil.univ-lyon1.fr/cgi-bin/view-tree.pl?db=HOGENOM5&query=HBG284870			
homd.seq	HOMD Sequence Metainformation	http://www.homd.org/index.php	http://www.homd.org/modules.php?op=modload&name=GenomeList&file=index&link=detailinfo&seqid=SEQF1003			
homd.taxon	Human Oral Microbiome Database	http://www.homd.org/index.php	http://www.homd.org/modules.php?op=modload&name=HOMD&view=dynamic&oraltaxonid=811			
hovergen	Homologous Vertebrate Genes Database	https://pbil.univ-lyon1.fr/databases/hovergen.php	http://pbil.univ-lyon1.fr/cgi-bin/view-tree.pl?query=HBG004341&db=HOVERGEN			
hp	Human Phenotype Ontology	http://www.human-phenotype-ontology.org/	https://hpo.jax.org/app/browse/term/HP:0011140			
hssp	Database of homology-derived secondary structure of proteins	http://swift.cmbi.kun.nl/swift/hssp/	ftp://ftp.embl-heidelberg.de/pub/databases/protein_extras/hssp/102l.hssp.bz2			
icd10cm	International Classification of Diseases, 10th Revision, Clinical Modification	https://www.icd10data.com/ICD10CM	https://icd.codes/icd10cm/F45.21			
iceberg.family	ICEberg family	https://bioinfo-mml.sjtu.edu.cn/ICEberg2/browse_fam.php	https://bioinfo-mml.sjtu.edu.cn/ICEberg2/browse_result.php?type=fam&fam_id=1			
icf	International Classification of Functioning, Disability and Health	https://icd.who.int/dev11/l-icf/en	http://id.who.int/icd/entity/326705068			
idoden	Dengue Fever Ontology	https://bioportal.bioontology.org/ontologies/IDODEN	http://purl.bioontology.org/ontology/IDODEN_0003463			
idog	Integrated Resource for Domestic Dog	https://ngdc.cncb.ac.cn/idog/	https://ngdc.cncb.ac.cn/idog/breed/getBreedDetail.action?breedId=4			
idoo	Identifiers.org Ontology	http://registry.api.hq.identifiers.org/semanticApi/getRegistryOntology	http://registry.api.hq.identifiers.org/semanticApi/getRegistryOntology#DataCollection			
idot	Identifiers.org Terms	http://biomodels.net/vocab/idot.rdf	https://biomodels.net/vocab/idot.rdf#identifierPattern			
idr	Image Data Resource	https://idr.openmicroscopy.org	https://idr.openmicroscopy.org/search/?query=Name:idr0001			
igsn	International Geo Sample Number	http://www.geosamples.org/	http://igsn.org/AU124			
img.gene	Integrated Microbial Genomes Gene	http://img.jgi.doe.gov/	http://img.jgi.doe.gov/cgi-bin/w/main.cgi?section=GeneDetail&gene_oid=638309541			
imgt.hla	IMGT/HLA human major histocompatibility complex sequence database	https://www.ebi.ac.uk/imgt/hla/allele.html	https://www.ebi.ac.uk/cgi-bin/imgt/hla/get_allele.cgi?A*01:01:01:01			
imgt.ligm	ImMunoGeneTics database covering immunoglobulins and T-cell receptors	http://www.imgt.org/	http://www.imgt.org/ligmdb/view?id=M94112			
imgt.primerdb	IMGT/PRIMER-DB	http://imgt.org/IMGTPrimerDB/	http://imgt.org/IMGTPrimerDB/Check_PrDB.pl?numacc0=IPP900099&origin=view&source=PrList			
inn	International Nonproprietary Names	https://www.who.int/teams/health-product-and-policy-standards/inn	https://mednet-communities.net/inn/db/ViewINN.aspx?i=fluticasone			
interfil	Human Intermediate Filament Database	http://www.interfil.org	http://www.interfil.org/details.php?id=NM_006262			
irefweb	iRefWeb	http://wodaklab.org/iRefWeb/	http://wodaklab.org/iRefWeb/interaction/show/617102			
isfinder	Insertion sequence elements database	http://www-is.biotoul.fr/i	https://www-is.biotoul.fr/scripts/ficheIS.php?name=ISA1083-2			
iso15926	ISO 15926-14	https://15926.org/home/	http://standards.iso.org/iso/15926/part14/activityBoundOf			
itis	Integrated Taxonomic Information System	https://www.itis.gov/	https://www.itis.gov/servlet/SingleRpt/SingleRpt?search_topic=TSN&search_value=589462			
iuphar.family	IUPHAR family	http://www.guidetopharmacology.org/	http://www.guidetopharmacology.org/GRAC/FamilyDisplayForward?familyId=78			
iuphar.ligand	Guide to Pharmacology Ligand	http://www.guidetopharmacology.org/GRAC/LigandListForward?database=all	http://www.guidetopharmacology.org/GRAC/LigandDisplayForward?ligandId=1755			
iuphar.receptor	Guide to Pharmacology Target	http://www.guidetopharmacology.org/targets.jsp	http://www.guidetopharmacology.org/GRAC/ObjectDisplayForward?objectId=101			
ivdb	Influenza Virus Database	http://influenza.psych.ac.cn/	http://influenza.psych.ac.cn/search/detail.jsp?segment.gb_id=E13035			
jax	Jackson Laboratories Strain	https://www.jax.org/strain	https://www.jax.org/strain/004435			
jaxmice	JAX Mice	http://jaxmice.jax.org/	http://jaxmice.jax.org/strain/005012.html			
jstor	Digital archive of scholarly articles	http://www.jstor.org/	http://www.jstor.org/stable/3075966			
kclb	Korean Cell Line Bank	https://cellbank.snu.ac.kr/english	https://cellbank.snu.ac.kr/english/sub/catalog.php?s_cellid=464&page=detail_info&CatNo=59&strQ=10020.2			
kegg.brite	KEGG BRITE	http://www.genome.jp/kegg/brite.html	http://www.genome.jp/kegg-bin/get_htext?-p+/kegg/brite/br+brko00071			
kyinno	KYinno cell lines	https://www.kyinno.com/	https://innopedia.kyinno.com/DataBase/CellLine.aspx?file=KC-0979.pdf			
langual	Langua aLimentaria Thesaurus	https://www.langual.org	https://www.langual.org/langual_thesaurus.asp?termid=B2067			
leafsnap	Leafsnap	http://leafsnap.com/	http://leafsnap.com/species/Amelanchier laevis/			
limore	Liver Cancer Model Repository	https://www.picb.ac.cn/limore/home	https://www.picb.ac.cn/limore/cellLines/single?para=Li7			
linkml	LinkML	https://linkml.io/linkml-model/docs/SchemaDefinition/	https://w3id.org/linkml/SchemaDefinition			
lipidbank	LipidBank	http://lipidbank.jp/index.html	http://lipidbank.jp/cgi-bin/detail.cgi?id=BBA0001			
lrg	Locus Reference Genomic	http://www.lrg-sequence.org/	http://ftp.ebi.ac.uk/pub/databases/lrgex/1.xml			
macie	Mechanism, Annotation and Classification in Enzymes	https://www.ebi.ac.uk/thornton-srv/databases/MACiE/index.html	https://www.ebi.ac.uk/thornton-srv/databases/cgi-bin/MACiE/entry/getPage.pl?id=M0001			
massbank	MassBank	http://www.massbank.jp	https://massbank.jp/RecordDisplay?id=MSBNK-IPB_Halle-PB000166			
merops.entry	MEROPS Entry	http://merops.sanger.ac.uk/index.htm	https://www.ebi.ac.uk/merops/cgi-bin/pepsum?id=I31.952			
mesh.2012	MeSH 2012	http://www.nlm.nih.gov/mesh/	http://www.nlm.nih.gov/cgi/mesh/2012/MB_cgi?mode=&index=17186&view=expanded			
mesh.2013	MeSH 2013	http://www.nlm.nih.gov/mesh/	http://www.nlm.nih.gov/cgi/mesh/2013/MB_cgi?mode=&index=17165&view=expanded			
metatlas	Metabolic Atlas	https://metabolicatlas.org	https://metabolicatlas.org/identifier/MetabolicAtlas/MAM01234c			
metatlas.metabolite	Metabolic Atlas Metabolite	https://metabolicatlas.org	https://metabolicatlas.org/identifier/MetabolicAtlas/MAM01234c			
metatlas.reaction	Metabolic Atlas Reaction	https://metabolicatlas.org	https://metabolicatlas.org/identifier/MetabolicAtlas/MAR11851			
mex	Metabolome Express	https://www.metabolome-express.org/	https://www.metabolome-express.org/datasetview.php?datasetid=36			
mgi	Mouse Genome Informatics	http://www.informatics.jax.org/	http://www.informatics.jax.org/accession/MGI:6017782			
millipore	Merck Millipore (EMD Millipore)	https://www.merckmillipore.com/	https://www.merckmillipore.com/catalogue/item/SCC111			
mimodb	MimoDB	http://immunet.cn/bdb/	http://immunet.cn/bdb/index.php/mimoset/1			
mirbase	miRBase pre-miRNA	http://www.mirbase.org/	http://www.mirbase.org/cgi-bin/mirna_entry.pl?acc=MI0026471			
mirbase.family	miRBase Families	http://www.mirbase.org/	http://www.mirbase.org/cgi-bin/mirna_summary.pl?fam=MIPF0000002			
mirbase.mature	miRBase mature miRNA	http://www.mirbase.org/	http://mirbase.org/cgi-bin/mature.pl?mature_acc=MIMAT0046872			
mirex	mirEX	http://comgen.pl/mirex/?page=home	http://comgen.pl/mirex1/?page=results/record&name=165a&exref=pp2a&limit=yes			
mirtarbase	mirTarBase	https://mirtarbase.cuhk.edu.cn/	http://mirtarbase.mbc.nctu.edu.tw/php/detail.php?mirtid=MIRT000002			
mmmp.biomaps	Melanoma Molecular Map Project Biomaps	http://www.mmmp.org/MMMP/public/biomap/listBiomap.mmmp	http://www.mmmp.org/MMMP/public/biomap/viewBiomap.mmmp?id=37			
mmp.cat	MarCat	https://mmp.sfb.uit.no/databases/marcat/	https://mmp.sfb.uit.no/databases/marcat/#/records/MMP743597.11			
mmp.db	MarDB	https://mmp.sfb.uit.no/databases/mardb/	https://mmp.sfb.uit.no/databases/mardb/#/records/MMP02954345.1			
mmp.fun	MarFun	https://mmp.sfb.uit.no/databases/marfun	https://mmp.sfb.uit.no/databases/marfun/#/records/MMP3888430			
mmp.ref	MarRef	https://mmp.sfb.uit.no/databases/marref/	https://mmp.sfb.uit.no/databases/marref/#/records/MMP3312982.2			
molbase	Molbase	http://www.molbase.com/	http://www.molbase.com/en/index.php?app=search&search_keyword=128796-39-4			
molmedb	MolMeDB	http://www.upol.cz/en/	https://molmedb.upol.cz/mol/MM00040			
mondo	Mondo Disease Ontology	https://monarch-initiative.github.io/mondo	http://www.bioregistry.io/0000001			
mpid	Microbial Protein Interaction Database	http://www.jcvi.org/mpidb/about.php	http://www.jcvi.org/mpidb/experiment.php?interaction_id=172			
mtbd	Mouse Tumor Biology Database	http://tumor.informatics.jax.org	http://tumor.informatics.jax.org/mtbwi/strainDetails.do?key=1374			
multicellds	MultiCellDS	http://multicellds.org/MultiCellDB.php	http://multicellds.org/MultiCellDB/MCDS_S_0000000001			
multicellds.cell_line	MultiCellDS Digital Cell Line	http://multicellds.org/MultiCellDB.php	http://multicellds.org/MultiCellDB/MCDS_L_0000000001			
multicellds.collection	MultiCellDS collection	http://multicellds.org/MultiCellDB.php	http://multicellds.org/MultiCellDB/MCDS_C_0000000001			
multicellds.snapshot	MultiCellDS Digital snapshot	http://multicellds.org/MultiCellDB.php	http://multicellds.org/MultiCellDB/MCDS_S_0000000001			
myco.lepra	MycoBrowser leprae	http://mycobrowser.epfl.ch/leprosy.html	http://mycobrowser.epfl.ch/leprosysearch.php?gene+name=ML0224			
myco.marinum	MycoBrowser marinum	http://mycobrowser.epfl.ch/marinolist.html	http://mycobrowser.epfl.ch/marinosearch.php?gene+name=MMAR_2462			
myco.smeg	MycoBrowser smegmatis	http://mycobrowser.epfl.ch/smegmalist.html	http://mycobrowser.epfl.ch/smegmasearch.php?gene+name=MSMEG_3769			
myco.tuber	TubercuList knowledge base	http://tuberculist.epfl.ch/	http://tuberculist.epfl.ch/quicksearch.php?gene+name=Rv1908c			
mycobank	Fungal Nomenclature and Species Bank	http://www.mycobank.org/	http://www.mycobank.org/Biolomics.aspx?Table=Mycobank&MycoBankNr_=349124			
napdi	Natural Product-Drug Interaction Research Data Repository	https://repo.napdi.org/	https://repo.napdi.org/study/28			
ncats.drug	NCATS Drugs	https://drugs.ncats.io/	https://drugs.ncats.io/drug/44259			
ncim	NCI Metathesaurus	http://ncim.nci.nih.gov/	http://ncim.nci.nih.gov/ncimbrowser/ConceptReport.jsp?dictionary=NCI%20MetaThesaurus&code=C0026339			
ndfrt	National Drug File - Reference Terminology	https://www.nlm.nih.gov/research/umls/sourcereleasedocs/current/NDFRT	https://evs.nci.nih.gov/ftp1/NDF-RT/NDF-RT.owl#N0000001662			
nemo2	Neural ElectroMagnetic Ontology	http://aimlab.cs.uoregon.edu/NEMO/web/index.html	http://purl.bioontology.org/NEMO/ontology/NEMO.owl#NEMO_0000196			
neuromorpho	NeuroMorpho	http://neuromorpho.org/index.jsp	http://neuromorpho.org/neuron_info.jsp?neuron_name=Rosa2			
nfdi4chem.cao			http://champ-project.org/images/ontology/cao.owl#CAO_000064			
niaest	NIA Mouse cDNA Project	http://lgsun.grc.nia.nih.gov/cDNA/	http://lgsun.grc.nia.nih.gov/cgi-bin/pro3?sname1=J0705A10			
nkos	Networked Knowledge Organization Systems/Services/Structures	http://w3id.org/nkos	http://w3id.org/nkos/alignedWith			
nlx.cell	NIF Standard Ontology: Cell Types	https://github.com/SciCrunch/NIF-Ontology	http://uri.neuinfo.org/nif/nifstd/nlx_cell_91005			
nlx.chem	NIF Standard Ontology: Chemical	https://github.com/SciCrunch/NIF-Ontology	http://uri.neuinfo.org/nif/nifstd/nlx_chem_90801			
nlx.dys	NeuroLex Dysfunction	https://scicrunch.org/scicrunch/interlex/dashboard	http://uri.neuinfo.org/nif/nifstd/nlx_dys_20090303			
nlx.func	NIF Standard Ontology: Cognitive Function	https://github.com/SciCrunch/NIF-Ontology	http://uri.neuinfo.org/nif/nifstd/nlx_func_90801			
nlx.inv	NIF Standard Ontology: Investigations	https://github.com/SciCrunch/NIF-Ontology	http://uri.neuinfo.org/nif/nifstd/nlx_inv_90901			
nlx.mol	NIF Standard Ontology: Molecules	https://github.com/SciCrunch/NIF-Ontology	http://uri.neuinfo.org/nif/nifstd/nlx_mol_90806			
nmdc	National Microbiome Data Collaborative	https://microbiomedata.org/	https://drs.microbiomedata.org/objects/y3ax-8bq3-60			
noncodev3	NONCODE v3	http://www.noncode.org/	http://www.noncode.org/NONCODERv3/ncrna.php?ncid=377550			
noncodev4.gene	NONCODE v4 Gene	http://www.bioinfo.org/NONCODEv4/	http://www.bioinfo.org/NONCODEv4/show_gene.php?id=NONHSAG00001			
noncodev4.rna	NONCODE v4 Transcript	http://www.bioinfo.org/NONCODEv4/	http://www.bioinfo.org/NONCODEv4/show_rna.php?id=NONHSAT000001			
norine	Nonribosomal Peptides Database	http://bioinfo.lifl.fr/norine/	http://bioinfo.lifl.fr/norine/result.jsp?ID=NOR00681			
novus	Novus Biologicals	https://www.novusbio.com	https://www.novusbio.com/products/nb100-56351			
oban	Open Biomedical Annotations	https://github.com/EBISPOT/OBAN	http://purl.org/oban/provenance			
oclc	Online Computer Library Center WorldCat	https://www.oclc.org/en/about.html	https://www.worldcat.org/oclc/634515043			
oid	ISO Object Identifier	http://www.oid-info.com/introduction.htm	http://oid-info.com/get/2.16.840			
om	Ontology of units of Measure	https://github.com/HajoRijgersberg/OM	http://www.ontology-of-units-of-measure.org/resource/om-2/Dimension			
omim	Online Mendelian Inheritance in Man	https://omim.org/	https://omim.org/MIM:603903			
omim.ps	OMIM Phenotypic Series	https://www.omim.org/phenotypicSeriesTitles/all	https://omim.org/MIM:PS214100			
omop	Observational Medical Outcomes Partnership	https://www.ohdsi.org/data-standardization/the-common-data-model/	https://athena.ohdsi.org/search-terms/terms/1			
orphanet.ordo	Orphanet Rare Disease Ontology	https://www.ebi.ac.uk/ols/ontologies/ordo	http://www.orpha.net/ORDO/Orphanet_C023			
otl	Oryza Tag Line	http://oryzatagline.cirad.fr/	http://oryzatagline.cirad.fr/cgi-bin/general_mutant.pl?line=AADB12			
owlstar	Ontological Interpretations for Web Property Graphs	https://linkml.io/owlstar/	http://w3id.org/owlstar/AllSomeInterpretation			
paleodb	Paleobiology Database	http://paleodb.org/	http://fossilworks.org/?a=taxonInfo&taxon_no=83088			
panorama	Panorama Public	https://panoramaweb.org	https://panoramaweb.org/FxnI151FMs.url			
panther.node	PANTHER Node	http://pantree.org/	http://www.pantree.org/node/annotationNode.jsp?id=PTN000000026			
pav	Provenance, Authoring, and Versioning Vocabulary	https://pav-ontology.github.io/pav/	http://purl.org/pav/authoredBy			
pazar	Pazar Transcription Factor	http://www.pazar.info/	http://www.pazar.info/cgi-bin/tf_search.cgi?geneID=TF0001053			
pdb.ligand	PDB ligand	http://www.pdb.org/	http://www.rcsb.org/pdb/ligand/ligandsummary.do?hetId=TRQ			
pesticides	Alan Wood's Pesticides	http://www.alanwood.net/pesticides	http://www.alanwood.net/pesticides/derivatives%2Fthiocyclam%20hydrochloride.html			
phosphopoint.kinase	PhosphoPoint Kinase	http://kinase.bioinformatics.tw/	http://kinase.bioinformatics.tw/showall.jsp?type=Kinase&info=Gene&name=AURKA&drawing=0&sorting=0&kinome=1			
phosphopoint.protein	PhosphoPoint Phosphoprotein	http://kinase.bioinformatics.tw/	http://kinase.bioinformatics.tw/showall.jsp?type=PhosphoProtein&info=Gene&name=AURKA&drawing=0&sorting=0&kinome=0			
pid.pathway	NCI Pathway Interaction Database: Pathway	http://pid.nci.nih.gov/	http://pid.nci.nih.gov/search/pathway_landing.shtml?what=graphic&jpg=on&pathway_id=eff796f3-6195-11e5-8ac5-06603eb7f303			
pina	Protein Interaction Network Analysis	http://cbg.garvan.unsw.edu.au/pina/	http://cbg.garvan.unsw.edu.au/pina/interactome.oneP.do?showExtend=null&ac=Q13485			
pirsf	PIR Superfamily Classification System	https://pir.georgetown.edu/	https://pir.georgetown.edu/cgi-bin/ipcSF?id=PIRSF000100			
planttfdb	Plant Transcription Factor Database	http://planttfdb.cbi.pku.edu.cn	http://planttfdb.cbi.pku.edu.cn/tf.php?uid=Ath_AT1G01030.1			
pmap.cutdb	CutDB	http://cutdb.burnham.org	http://cutdb.burnham.org/relation/show/25782			
pmap.substratedb	SubstrateDB	http://substrate.burnham.org/	http://substrate.burnham.org/protein/annotation/1915/html			
pmdb	Protein Model Database	https://bioinformatics.cineca.it/PMDB/	https://bioinformatics.cineca.it/PMDB/user//search.php?idsearch=PM0012345			
pocketome	Pocketome	http://www.pocketome.org/sfSearch.cgi?act=browseall	http://www.pocketome.org/files/1433C_TOBAC_1_252.html			
prints	PRINTS compendium of protein fingerprints	http://www.bioinf.manchester.ac.uk/dbbrowser/sprint/	http://www.bioinf.manchester.ac.uk/cgi-bin/dbbrowser/sprint/searchprintss.cgi?prints_accn=PR00001&display_opts=Prints&category=None&queryform=false&regexpr=off			
prodom	ProDom	http://prodom.prabi.fr/prodom/current/html/home.php	http://prodom.prabi.fr/prodom/current/cgi-bin/request.pl?question=DBEN&query=PD10000			
proglyc	ProGlycProt	http://www.proglycprot.org/	http://www.proglycprot.org/detail.aspx?ProId=AC119			
protonet.cluster	ProtoNet Cluster	http://www.protonet.cs.huji.ac.il/	http://www.protonet.cs.huji.ac.il/requested/cluster_card.php?cluster=4349895			
protonet.proteincard	ProtoNet ProteinCard	http://www.protonet.cs.huji.ac.il/	http://www.protonet.cs.huji.ac.il/requested/protein_card.php?protein_id=16941567			
pscdb	Protein Structural Change Database	http://idp1.force.cs.is.nagoya-u.ac.jp/pscdb/index.html	http://idp1.force.cs.is.nagoya-u.ac.jp/pscdb/051.html			
pseudogene	PseudoGene	http://www.pseudogene.org	http://tables.pseudogene.org/[?species_name]/PGOHUM00000289843			
publons.publication	Publons publication	https://publons.com	https://publons.com/publon/507568			
publons.researcher	Publons Researcher	https://publons.com/researcher	https://publons.com/researcher/1981638			
radiomics	Radiomics Ontology	http://www.radiomics.org/RO	http://www.radiomics.org/RO/LK99			
rapdb.locus	RAP-DB Locus	https://rapdb.dna.affrc.go.jp/	https://rapdb.dna.affrc.go.jp/viewer/gbrowse_details/irgsp1?name=Os01g0883800			
rapdb.transcript	Rice annotation Project database	https://rapdb.dna.affrc.go.jp/	https://rapdb.dna.affrc.go.jp/viewer/gene_detail/irgsp1?name=Os01t0883800-02			
rbk	Rebuilding a Kidney	https://www.rebuildingakidney.org/	https://www.rebuildingakidney.org/id/Q-2958			
rdo	RGD Disease Ontology	https://ratmine.mcw.edu/ontology/disease/	http://www.semanticweb.org/mca/ontologies/2018/8/untitled-ontology-47#9002859			
rebase	REBASE Enzyme Number	http://rebase.neb.com/rebase/	http://rebase.neb.com/rebase/enz/101.html			
rebec	Brazilian Registry of Clinical Trials	https://ensaiosclinicos.gov.br	https://ensaiosclinicos.gov.br/rg/RBR-6qvdftm			
receptome.family	Human Plasma Membrane Receptome Families	http://www.receptome.org	http://www.receptome.org/families/Frameset_family.asp?ProtType=Receptor&FamId=5.1			
rfam	Rfam database of RNA families	https://rfam.xfam.org/	https://rfam.xfam.org/family/RF00230			
rhea	Rhea, the Annotated Reactions Database	https://www.rhea-db.org/	https://www.rhea-db.org/rhea/12345			
ricegap	Rice Genome Annotation Project	http://rice.plantbiology.msu.edu/annotation_pseudo_current.shtml	http://rice.plantbiology.msu.edu/cgi-bin/ORF_infopage.cgi?&orf=LOC_Os02g13300			
ricenetdb.compound	RiceNetDB Compound	http://bis.zju.edu.cn/ricenetdb	http://bis.zju.edu.cn/ricenetdb/compounddetails.php?ID=OSC1416			
ricenetdb.gene	RiceNetDB Gene	http://bis.zju.edu.cn/ricenetdb/	http://bis.zju.edu.cn/ricenetdb/genedetails.php?ID=LOC_Os01g49190.1			
ricenetdb.mirna	RiceNetDB miRNA	http://bis.zju.edu.cn/ricenetdb	http://bis.zju.edu.cn/ricenetdb/miRNAdetails.php?ID=osa-miR446			
ricenetdb.protein	RiceNetDB Protein	http://bis.zju.edu.cn/ricenetdb/	http://bis.zju.edu.cn/ricenetdb/proteindetails.php?ID=LOC_Os01g49190			
ricenetdb.reaction	RiceNetDB Reaction	http://bis.zju.edu.cn/ricenetdb	http://bis.zju.edu.cn/ricenetdb/reactiondetails.php?ID=OSR0818			
rnamod	The RNA Modification Database	http://rna.rega.kuleuven.be/rnamods/	http://rna.rega.kuleuven.be/cgi-bin/rnamods/rnashow.pl?051			
rnamods	RNA Modification Database	http://rna-mdb.cas.albany.edu/RNAmods/rnaover.htm	http://mods.rna.albany.edu/mods/modifications/view/101			
rnavdb	RNA Virus Database	http://virus.zoo.ox.ac.uk/rnavirusdb/	http://virus.zoo.ox.ac.uk/rnavirusdb/virus.php?id=164750			
ro	Relation Ontology	https://oborel.github.io/	http://purl.obolibrary.org/obo/RO_0002533			
rpcec	Cuban Registry of Clinical Trials	https://rpcec.sld.cu/en/home	https://rpcec.sld.cu/en/trials/RPCEC00000423			
s_mart_db	The S/MAR transaction DataBase	http://smartdb.bioinf.med.uni-goettingen.de/	http://smartdb.bioinf.med.uni-goettingen.de/cgi-bin/SMARtDB/getSMAR.cgi?SM0000020			
salmon	Salmon Ontology	https://github.com/DataONEorg/sem-prov-ontologies/	https://purl.dataone.org/odo/SALMON_00000674			
sasap	The State of Alaska's Salmon and People Ontology	https://github.com/DataONEorg/sem-prov-ontologies	https://purl.dataone.org/odo/SASAP_00000101			
sasbdb	Small Angle Scattering Biological Data Bank	http://www.sasbdb.org/	http://www.sasbdb.org/data/SASDAX8			
scholia.resource	Scholia Registry	https://scholia.toolforge.org/	https://bioregistry.io/metaregistry/scholia/doi			
sciflection	Sciflection	https://sciformation.com/sciflection.html	https://sciflection.com/5ede4273-b26c-4ea4-adb7-3ce294ab3397			
scopus	Scopus Researcher	https://www.scopus.com	https://www.scopus.com/authid/detail.uri?authorId=56305849200			
scopus.affiliation	Scopus affiliation ID	http://info.sciencedirect.com/scopus/scopus-in-detail/tools/affiliationidentifier	https://www.scopus.com/affil/profile.uri?afid=60025709			
scopus.publication	Scopus Publication	https://www.scopus.com/	https://www.scopus.com/sourceid/16129			
scopus.work	Scopus Work	https://www.scopus.com/	http://www.scopus.com/record/display.url?origin=inward&eid=2-s2.0-0030770923			
scretf	ScerTF	http://stormo.wustl.edu/ScerTF/	http://stormo.wustl.edu/ScerTF/details/RSC3			
sdbs	Spectral Database for Organic Compounds	http://riodb01.ibase.aist.go.jp/sdbs/cgi-bin/direct_frame_top.cgi	http://riodb01.ibase.aist.go.jp/sdbs/cgi-bin/cre_frame_disp.cgi?sdbsno=4544			
sgn	Sol Genomics Network	http://solgenomics.net/	http://solgenomics.net/phenome/locus_display.pl?locus_id=0001			
sigmaaldrich	Sigma Aldrich	https://www.sigmaaldrich.com	https://www.sigmaaldrich.com/US/en/product/sigma/HPA000698			
signaling-gateway	Signaling Gateway	http://www.signaling-gateway.org/molecule	http://www.signaling-gateway.org/molecule/query?afcsid=A001094			
sitex	SitEx	http://www-bionet.sscc.ru/sitex/	http://www-bionet.sscc.ru/sitex/index.php?siteid=1000			
skip	Stemcell Knowledge and Information Portal	https://skip.stemcellinformatics.org/en/	https://skip.stemcellinformatics.org/SKIPSearch/cell_line_detail?accession=SKIP001214			
slkbase	SUM Breast Cancer Cell Line Knowledge Base	https://sumlineknowledgebase.com/	https://sumlineknowledgebase.com/?page_id=3618			
snomedct	SNOMED CT (International Edition)	http://www.snomedbrowser.com/	http://snomed.info/id/284196006			
snornabase	snoRNABase	https://www-snorna.biotoul.fr/	http://www-snorna.biotoul.fr/plus.php?id=SR0000178			
snp2tfbs	SNP to Transcription Factor Binding Sites	https://ccg.epfl.ch/snp2tfbs/	https://ccg.epfl.ch/cgi-bin/snp2tfbs/snpviewer_form_parser.cgi?snpid=rs11603840			
so	Sequence types and features ontology	http://www.sequenceontology.org/	http://www.sequenceontology.org/miso/current_release/term/SO:0001157			
soybase	SoyBase	http://soybase.org/	http://www.soybase.org/sbt/search/search_results.php?category=SNP&search_term=BARC-013845-01256			
sphn	Swiss Personalized Health Network Schema	https://www.sphn.ch	https://biomedit.ch/rdf/sphn-ontology/sphn#Allergy			
splash	Spectra Hash Code	http://mona.fiehnlab.ucdavis.edu/	http://mona.fiehnlab.ucdavis.edu/#/spectra/splash/splash10-0zq2000000-77302b0326a418630a84			
spp	Signaling Pathways Project	https://www.signalingpathways.org/index.jsf	https://www.signalingpathways.org/datasets/dataset.jsf?doi=10.1621/vwN2g2HaX3			
sssom	Simple Standard for Sharing Ontological Mappings	https://w3id.org/sssom	https://w3id.org/sssom/mapping_justification			
stap	Statistical Torsional Angles Potentials	http://psb.kobic.re.kr/STAP/refinement/	http://psb.kobic.re.kr/STAP/refinement1/result.php?search=1a24			
storedb	Store DB	https://www.storedb.org/	https://www.storedb.org/?STUDY1040			
storedb.file	STOREDB at University of Cambridge	https://www.storedb.org/	https://www.storedb.org/store_v3/download.jsp?fileId=12929			
storedb.study	STOREDB at University of Cambridge	https://www.storedb.org/	https://www.storedb.org/store_v3/study.jsp?studyId=1174			
string	Search Tool for Retrieval of Interacting Genes/Proteins	http://string.embl.de/	http://string.embl.de/interactions/P53350			
subtiwiki	SubtiWiki	http://www.subtiwiki.uni-goettingen.de/wiki/index.php/Main_Page	http://www.subtiwiki.uni-goettingen.de/wiki/index.php/BSU29180			
sugarbind	SugarBind	http://sugarbind.expasy.org/	http://sugarbind.expasy.org/lectins/172			
swissregulon	SwissRegulon	http://swissregulon.unibas.ch	http://swissregulon.unibas.ch/query/AHR			
symp	Symptom Ontology	http://symptomontologywiki.igs.umaryland.edu/mediawiki/index.php/Main_Page	https://www.ebi.ac.uk/ols/ontologies/symp/terms?iri=http://purl.obolibrary.org/obo/SYMP_0019171			
tfclass	Classification of Transcription Factors in Mammalia	http://tfclass.bioinf.med.uni-goettingen.de	http://tfclass.bioinf.med.uni-goettingen.de/?tfclass=2.1.1			
tkg	Tohoku University cell line catalog	http://www2.idac.tohoku.ac.jp/dep/ccr/	http://www2.idac.tohoku.ac.jp/dep/ccr/TKGdate/TKGvol08/0221.html			
tngb	Telethon Network of Genetic Biobanks	http://biobanknetwork.telethon.it/	http://biobanknetwork.telethon.it/Sample/View?sampleId=67035			
transportdb	TransportDB	http://www.membranetransport.org	http://www.membranetransport.org/protein.php?pOID=mmar1&pSynonym=MMP0523			
treebase	TreeBASE	http://treebase.org/	http://purl.org/phylo/treebase/phylows/study/TB2:S1000?format=html			
ttd.drug	TTD Drug	http://bidd.nus.edu.sg/group/ttd/ttd.asp	http://bidd.nus.edu.sg/group/TTD/ZFTTDDRUG.asp?ID=DAP000773			
ttd.target	TTD Target	http://bidd.nus.edu.sg/group/ttd/ttd.asp	http://bidd.nus.edu.sg/group/TTD/ZFTTDDetail.asp?ID=TTDS00056			
ubio.namebank	uBio NameBank	http://www.ubio.org	http://www.ubio.org/browser/details.php?namebankID=2555646			
ucsc	UCSC Genome Browser	https://genome.ucsc.edu/	ftp://hgdownload.cse.ucsc.edu/goldenPath/uc001rvw.5			
uniparc	UniProt Archive	https://www.ebi.ac.uk/uniparc/	https://www.ebi.ac.uk/cgi-bin/dbfetch?db=uniparc&id=UPI000000000A			
unipathway.compound	UniPathway Compound	http://www.grenoble.prabi.fr/obiwarehouse/unipathway	http://www.grenoble.prabi.fr/obiwarehouse/unipathway/upc?upid=UPC04349			
unipathway.reaction	UniPathway Reaction	http://www.grenoble.prabi.fr/obiwarehouse/unipathway	http://www.grenoble.prabi.fr/obiwarehouse/unipathway/ucr?upid=UCR00226			
uniprot	UniProt Protein	http://www.uniprot.org	https://purl.uniprot.org/uniprot/P0DP23			
uniprot.chain	UniProt Chain	https://www.uniprot.org	http://purl.uniprot.org/annotation/PRO_0000016681			
uniprot.isoform	UniProt Isoform	http://www.uniprot.org/	http://purl.uniprot.org/isoforms/Q5BJF6-3			
uniprot.var	UniProt Variants	https://web.expasy.org/variant_pages	http://purl.uniprot.org/annotation/VAR_068078			
unists	Database of Sequence Tagged Sites	https://www.ncbi.nlm.nih.gov/sites/entrez?db=unists	https://www.ncbi.nlm.nih.gov/genome/sts/sts.cgi?uid=456789			
uspto	United States Patent and Trademark Office	http://patft.uspto.gov/netahtml/PTO/index.html	http://patft.uspto.gov/netacgi/nph-Parser?Sect2=PTO1&Sect2=HITOFF&p=1&u=/netahtml/PTO/search-bool.html&r=1&f=G&l=50&d=PALL&RefSrch=yes&Query=PN/4145692			
vann	A vocabulary for annotating vocabulary descriptions	https://vocab.org/vann/	https://vocab.org/vann/usageNote			
vbrc	Viral Bioinformatics Resource Center	http://vbrc.org/	http://vbrc.org/gene_detail.asp?gene_id=35742			
vega	Vertebrate Genome Annotation Database	https://vega.archive.ensembl.org/index.html	http://vega.sanger.ac.uk/[?species_name]/Gene/Summary?g=OTTHUMG00000169812			
viperdb	VIPERdb	http://viperdb.scripps.edu/	https://viperdb.org/Info_Page.php?VDB=2c6s			
virmirdb	Vir-Mir db	http://alk.ibms.sinica.edu.tw	http://alk.ibms.sinica.edu.tw/cgi-bin/miRNA/virus.cgi?tax_id=11002			
viroligo	VirOligo	http://viroligo.okstate.edu	http://viroligo.okstate.edu/main.php?vid=BM0456			
vita	Virus' miRNA target	http://vita.mbc.nctu.edu.tw/	http://vita.mbc.nctu.edu.tw/search.php?acc=AB016785			
worfdb	C. elegans ORFeome cloning project	http://worfdb.dfci.harvard.edu/	http://worfdb.dfci.harvard.edu/index.php?search_type=name&page=showresultrc&race_query=T01B6.1			
worms	WoRMS-ID for taxa	http://www.marinespecies.org/	http://www.marinespecies.org/aphia.php?p=taxdetails&id=146421			
wos	Web of Science ID (work)	https://www.webofscience.com	https://gateway.webofknowledge.com/gateway/Gateway.cgi?GWVersion=2&SrcApp=Publons&SrcAuth=Publons_CEL&KeyUT=WOS:000177759000002&DestLinkType=FullRecord&DestApp=WOS_CPL			
xenbase	Xenbase	https://www.xenbase.org/	https://www.xenbase.org/entry/XB-GENE-922462			
ydpm	Yeast Deletion and the Mitochondrial Proteomics Project	http://www-deletion.stanford.edu/YDPM/	http://www-deletion.stanford.edu/cgi-bin/YDPM/YDPM_search.cgi?thelist=YAL001C			
yid	Yeast Intron Database v3	http://compbio.soe.ucsc.edu/yeast_introns.html	http://metarray.ucsc.edu/cgi-bin/intron/yirIntrondb?orfName=SNR17A			
